2025-04-22T15:21:19.119094,10.1.7.132,5000,prime:638,success,9,
2025-04-22T15:21:24.214783,10.1.7.132,5000,matrix:677,success,84,
2025-04-22T15:21:29.235484,10.1.7.132,5000,prime:270,success,9,
2025-04-22T15:21:34.454217,10.1.7.132,5000,matrix:902,success,205,
2025-04-22T15:21:39.496615,10.1.7.132,5000,matrix:198,success,14,
2025-04-22T15:21:44.545818,10.1.7.132,5000,prime:516,success,29,
2025-04-22T15:21:49.560912,10.1.7.132,5000,prime:508,success,6,
2025-04-22T15:21:54.585510,10.1.7.132,5000,prime:110,success,15,
2025-04-22T15:21:59.790293,10.1.7.132,5000,matrix:929,success,174,
2025-04-22T15:22:04.975132,10.1.7.132,5000,matrix:872,success,167,
2025-04-22T15:22:09.992660,10.1.7.132,5000,prime:580,success,6,
2025-04-22T15:22:15.008664,10.1.7.132,5000,prime:842,success,9,
2025-04-22T15:22:20.226477,10.1.7.132,5000,matrix:913,success,196,
2025-04-22T15:22:25.377195,10.1.7.132,5000,matrix:731,success,141,
2025-04-22T15:22:30.413709,10.1.7.132,5000,prime:427,success,23,
2025-04-22T15:22:35.453887,10.1.7.132,5000,matrix:262,success,30,
2025-04-22T15:22:40.488718,10.1.7.132,5000,matrix:136,success,22,
2025-04-22T15:22:55.586625,10.1.7.132,5000,prime:314,success,26,
2025-04-22T15:23:00.632370,10.1.7.132,5000,prime:664,success,24,
2025-04-22T15:23:05.672011,10.1.7.132,5000,prime:937,success,13,
2025-04-22T15:23:10.694916,10.1.7.132,5000,prime:751,success,12,
2025-04-22T15:23:15.726497,10.1.7.132,5000,prime:492,success,9,
2025-04-22T15:23:20.814555,10.1.7.132,5001,matrix:419,success,70,
2025-04-22T15:23:25.847325,10.1.7.132,5001,prime:366,success,19,
2025-04-22T15:30:37.913377,10.1.7.132,5001,matrix:588,success,51,
2025-04-22T15:30:43.023424,10.1.7.132,5001,matrix:633,success,87,
2025-04-22T15:30:48.045815,10.1.7.132,5001,prime:929,success,11,
2025-04-22T15:30:53.082175,10.1.7.132,5001,prime:552,success,22,
2025-04-22T15:31:13.156383,10.1.7.132,5001,prime:773,success,14,
2025-04-22T15:31:18.378073,10.1.7.132,5001,matrix:778,success,212,
2025-04-22T15:31:23.538700,10.1.7.132,5001,matrix:645,success,129,
2025-04-22T15:31:28.596522,10.1.7.132,5001,prime:990,success,27,
2025-04-22T15:31:33.614762,10.1.7.132,5001,matrix:156,success,9,
2025-04-22T15:31:38.865920,10.1.7.132,5001,matrix:783,success,223,
2025-04-22T15:31:43.951130,10.1.7.132,5001,matrix:462,success,66,
2025-04-22T15:31:49.184409,10.1.7.132,5001,matrix:840,success,225,
2025-04-22T15:31:54.214344,10.1.7.132,5001,prime:947,success,17,
2025-04-22T15:32:14.458749,10.1.7.132,5001,matrix:722,success,187,
2025-04-22T15:32:19.544646,10.1.7.132,5001,matrix:467,success,65,
2025-04-22T15:32:24.564729,10.1.7.132,5001,prime:662,success,9,
2025-04-22T15:32:29.686413,10.1.7.132,5001,matrix:567,success,87,
2025-04-22T15:32:34.718512,10.1.7.132,5001,prime:661,success,23,
2025-04-22T15:32:39.894679,10.1.7.132,5001,matrix:815,success,155,
2025-04-22T15:32:46.951133,10.1.7.132,5001,prime:942,fail,2031,
2025-04-22T15:32:51.974731,10.1.7.132,5000,prime:152,success,14,
2025-04-22T15:42:24.700458,10.1.7.132,5000,matrix:895,success,176,
2025-04-22T15:42:30.054581,10.1.7.132,5000,matrix:979,success,321,
2025-04-22T15:42:35.111715,10.1.7.132,5000,prime:388,success,30,
2025-04-22T15:42:40.171766,10.1.7.132,5001,matrix:326,success,40,
2025-04-22T15:42:45.214130,10.1.7.132,5001,prime:900,success,29,
2025-04-22T15:42:50.276836,10.1.7.132,5001,matrix:477,success,55,
2025-04-22T15:43:10.401643,10.1.7.132,5001,matrix:177,success,29,
2025-04-22T15:43:15.536126,10.1.7.132,5001,matrix:790,success,126,
2025-04-22T15:43:20.899751,10.1.7.132,5001,matrix:964,success,351,
2025-04-22T15:43:25.941253,10.1.7.132,5001,matrix:334,success,28,
2025-04-22T15:55:54.983252,10.1.7.132,5000,matrix:514,success,34,
2025-04-22T15:56:00.018424,10.1.7.132,5000,prime:257,success,12,
2025-04-22T15:56:05.088875,10.1.7.132,5000,matrix:375,success,48,
2025-04-22T15:56:25.181528,10.1.7.132,5000,matrix:172,success,11,
2025-04-22T15:56:30.225015,10.1.7.132,5000,prime:828,success,10,
2025-04-22T15:56:35.260158,10.1.7.132,5000,prime:880,success,13,
2025-04-22T15:56:40.298287,10.1.7.132,5001,prime:831,success,25,
2025-04-22T15:56:45.361312,10.1.7.132,5001,matrix:342,success,27,
2025-04-22T15:56:50.503069,10.1.7.132,5001,matrix:754,success,109,
2025-04-22T15:56:55.718481,10.1.7.132,5001,matrix:978,success,193,
2025-04-22T15:57:00.767891,10.1.7.132,5001,matrix:238,success,32,
2025-04-22T15:57:26.087738,10.1.7.132,5001,matrix:995,success,228,
2025-04-22T15:57:31.163029,10.1.7.132,5001,matrix:488,success,47,
2025-04-22T15:57:36.267011,10.1.7.132,5001,matrix:537,success,83,
2025-04-22T15:57:41.317917,10.1.7.132,5001,prime:896,success,21,
2025-04-22T15:57:46.391809,10.1.7.132,5001,matrix:544,success,55,
2025-04-22T15:57:51.418409,10.1.7.132,5001,matrix:106,success,17,
2025-04-22T15:57:56.438931,10.1.7.132,5001,prime:593,success,11,
2025-04-22T15:58:26.564977,10.1.7.132,5001,prime:907,success,11,
2025-04-22T15:58:31.635432,10.1.7.132,5001,matrix:476,success,39,
2025-04-22T15:58:36.666984,10.1.7.132,5001,prime:615,success,17,
2025-04-22T15:58:41.684714,10.1.7.132,5001,prime:958,success,8,
2025-04-22T15:58:46.717699,10.1.7.132,5001,prime:156,success,17,
2025-04-22T15:58:51.772096,10.1.7.132,5001,matrix:346,success,44,
2025-04-22T15:58:56.793497,10.1.7.132,5001,prime:566,success,8,
2025-04-22T15:59:01.829943,10.1.7.132,5001,prime:177,success,9,
2025-04-22T15:59:26.899879,10.1.7.132,5001,prime:996,success,14,
2025-04-22T15:59:31.925402,10.1.7.132,5001,prime:444,success,12,
2025-04-22T15:59:36.948997,10.1.7.132,5001,prime:543,success,11,
2025-04-22T15:59:41.991644,10.1.7.132,5001,prime:991,success,32,
2025-04-22T15:59:47.014345,10.1.7.132,5001,prime:613,success,9,
2025-04-22T15:59:52.208768,10.1.7.132,5001,matrix:778,success,182,
2025-04-22T15:59:57.378465,10.1.7.132,5001,matrix:736,success,148,
2025-04-22T16:00:02.397826,10.1.7.132,5001,prime:536,success,8,
2025-04-22T16:00:27.521399,10.1.7.132,5001,prime:192,success,27,
2025-04-22T16:00:32.540883,10.1.7.132,5001,prime:865,success,9,
2025-04-22T16:00:37.895745,10.1.7.132,5001,matrix:969,success,351,
2025-04-22T16:00:42.921345,10.1.7.132,5001,prime:599,success,10,
2025-04-22T16:00:47.955780,10.1.7.132,5001,prime:282,success,23,
2025-04-22T16:00:53.258971,10.1.7.132,5001,matrix:916,success,290,
2025-04-22T16:01:28.467367,10.1.7.132,5001,matrix:573,success,76,
2025-04-22T16:01:33.558867,10.1.7.132,5001,matrix:512,success,66,
2025-04-22T16:01:38.616835,10.1.7.132,5001,prime:693,success,35,
2025-04-22T16:01:43.640684,10.1.7.132,5001,prime:826,success,10,
2025-04-22T16:01:48.684845,10.1.7.132,5001,prime:844,success,32,
2025-04-22T16:01:53.708879,10.1.7.132,5001,prime:572,success,10,
2025-04-22T16:01:58.726399,10.1.7.132,5001,prime:475,success,9,
2025-04-22T16:02:29.019531,10.1.7.132,5001,matrix:815,success,197,
2025-04-22T16:02:34.055572,10.1.7.132,5001,prime:651,success,11,
2025-04-22T16:02:39.074857,10.1.7.132,5001,prime:835,success,13,
2025-04-22T16:02:44.109203,10.1.7.132,5001,prime:591,success,27,
2025-04-22T16:02:49.150839,10.1.7.132,5001,matrix:244,success,25,
2025-04-22T16:02:54.394884,10.1.7.132,5001,matrix:868,success,236,
2025-04-22T16:02:59.455937,10.1.7.132,5001,prime:397,success,35,
2025-04-22T16:03:29.567178,10.1.7.132,5001,prime:611,success,30,
2025-04-22T16:03:34.595449,10.1.7.132,5001,prime:703,success,10,
2025-04-22T16:03:39.743836,10.1.7.132,5001,matrix:717,success,137,
2025-04-22T16:03:44.899337,10.1.7.132,5001,matrix:815,success,132,
2025-04-22T16:03:49.925814,10.1.7.132,5001,matrix:118,success,13,
2025-04-22T16:03:54.976362,10.1.7.132,5001,matrix:279,success,30,
2025-04-22T16:03:59.996932,10.1.7.132,5001,prime:775,success,9,
2025-04-22T16:04:05.055494,10.1.7.132,5001,prime:574,success,26,
2025-04-22T16:04:30.177859,10.1.7.132,5001,matrix:393,success,41,
2025-04-22T16:04:35.197403,10.1.7.132,5001,prime:438,success,8,
2025-04-22T16:04:40.348516,10.1.7.132,5001,matrix:764,success,121,
2025-04-22T16:04:45.385899,10.1.7.132,5001,prime:136,success,11,
2025-04-22T16:04:50.410787,10.1.7.132,5001,prime:132,success,11,
2025-04-22T16:04:55.431306,10.1.7.132,5001,prime:219,success,14,
2025-04-22T16:05:00.563885,10.1.7.132,5001,matrix:707,success,108,
2025-04-22T16:05:30.718373,10.1.7.132,5001,prime:772,success,22,
2025-04-22T16:05:35.756163,10.1.7.132,5001,prime:866,success,16,
2025-04-22T16:05:40.905366,10.1.7.132,5001,matrix:668,success,122,
2025-04-22T16:05:45.953431,10.1.7.132,5001,prime:541,success,15,
2025-04-22T16:05:50.975832,10.1.7.132,5001,prime:460,success,15,
2025-04-22T16:05:56.162076,10.1.7.132,5001,matrix:845,success,153,
2025-04-22T16:06:01.281140,10.1.7.132,5001,matrix:777,success,108,
2025-04-22T16:06:06.318988,10.1.7.132,5001,prime:497,success,10,
2025-04-22T16:06:31.386766,10.1.7.132,5001,prime:658,success,9,
2025-04-22T16:06:36.563276,10.1.7.132,5001,matrix:810,success,145,
2025-04-22T16:06:41.583644,10.1.7.132,5001,prime:365,success,13,
2025-04-22T16:06:46.650949,10.1.7.132,5001,matrix:525,success,61,
2025-04-22T16:06:51.884117,10.1.7.132,5001,matrix:878,success,203,
2025-04-22T16:06:56.925981,10.1.7.132,5001,matrix:333,success,26,
2025-04-22T16:07:02.155681,10.1.7.132,5001,matrix:961,success,199,
2025-04-22T16:07:07.243312,10.1.7.132,5001,matrix:645,success,80,
2025-04-22T16:07:32.328432,10.1.7.132,5001,prime:188,success,9,
2025-04-22T16:07:37.384061,10.1.7.132,5001,prime:868,success,36,
2025-04-22T16:07:42.408719,10.1.7.132,5001,prime:239,success,10,
2025-04-22T16:07:47.447083,10.1.7.132,5001,prime:481,success,29,
2025-04-22T16:07:52.481486,10.1.7.132,5001,prime:903,success,18,
2025-04-22T16:07:57.568141,10.1.7.132,5001,matrix:717,success,80,
2025-04-22T16:08:02.592036,10.1.7.132,5001,prime:553,success,11,
2025-04-22T16:08:07.639594,10.1.7.132,5001,matrix:244,success,40,
2025-04-22T16:08:32.721526,10.1.7.132,5001,prime:667,success,10,
2025-04-22T16:08:37.798055,10.1.7.132,5001,prime:353,success,37,
2025-04-22T16:08:42.835703,10.1.7.132,5001,matrix:172,success,29,
2025-04-22T16:08:47.902018,10.1.7.132,5001,matrix:441,success,55,
2025-04-22T16:08:52.924414,10.1.7.132,5001,prime:650,success,13,
2025-04-22T16:08:57.965964,10.1.7.132,5001,prime:341,success,24,
2025-04-22T16:09:03.028106,10.1.7.132,5001,matrix:423,success,32,
2025-04-22T16:09:08.081367,10.1.7.132,5001,matrix:113,success,19,
2025-04-22T16:10:29.801738,10.1.7.132,5001,prime:200,success,228,
2025-04-22T16:52:16.063033,10.1.7.132,5000,prime:155,success,44,
2025-04-22T16:52:21.103574,10.1.7.132,5000,prime:120,success,7,
2025-04-22T17:34:52.044958,10.1.7.132,5000,prime:834,success,22,
2025-04-22T17:34:57.099683,10.1.7.132,5000,matrix:452,success,44,
2025-04-22T17:35:02.298679,10.1.7.132,5000,matrix:915,success,179,
2025-04-22T17:35:07.355936,10.1.7.132,5000,prime:784,success,20,
2025-04-22T17:35:12.470024,10.1.7.132,5000,matrix:627,success,110,
2025-04-22T17:35:32.562041,10.1.7.132,5000,prime:409,success,11,
2025-04-22T17:35:37.656163,10.1.7.132,5000,matrix:444,success,72,
2025-04-22T17:35:42.829955,10.1.7.132,5000,matrix:703,success,162,
2025-04-22T17:35:47.916478,10.1.7.132,5000,matrix:422,success,54,
2025-04-22T17:35:52.948645,10.1.7.132,5001,prime:335,success,16,
2025-04-22T17:35:57.980071,10.1.7.132,5001,matrix:272,success,16,
2025-04-22T17:36:03.002016,10.1.7.132,5001,matrix:102,success,12,
2025-04-22T17:36:08.068504,10.1.7.132,5001,matrix:289,success,35,
2025-04-22T17:36:13.152740,10.1.7.132,5001,matrix:495,success,73,
2025-04-22T17:36:33.235516,10.1.7.132,5001,prime:865,success,21,
2025-04-22T17:36:38.264429,10.1.7.132,5001,prime:296,success,16,
